,1,2,3,4,5,6,7,8,9,10,11,12,13,14,15,16,17,18,19,20,21,22,23,24,25,26,27,28,29,30,31,32,33,34,35,36,37,38,39,40,41,42,43,44,45,46,47,48,49,50,51,52,53,54,55,56,57,58,59,60,61,62,63,64,65,66,67,68,69,70,71,72,73,74,75,76,77,78,79,80,81,82,83,84,85,86,87,88,89,90,91,92,93,94,95,96,97,98,99,100,101,102,103,104,105,106,107,108,109,110,111,112,113,114,115,116,117,118,119,120,121,122,123,124,125,126,127,128,129,130,131,132,133,134,135,136,137,138,139,140,141,142,143,144,145,146,147,148,149,150,151,152,153,154,155,156,157,158,159,160,161,162
Arizona Diamondbacks,988.15,1001.89,992.48,1003.51,1014.07,1023.22,1013.5,1021.71,1011.23,1001.27,989.37,998.22,1012.74,998.76,1008.02,1018.41,1030.68,1040.63,1048.62,1039.22,1028.86,1038.84,1048.07,1037.27,1025.13,1010.9,1001.83,1011.64,1002.19,1013.31,1024.86,1015.98,1004.48,1015.11,1007.45,1020.59,1009.05,1020.59,1011.62,1023.97,1011.98,1021.23,1010.01,1019.36,1026.27,1011.41,1015.94,1028.03,1019.32,1010.3,1002.95,995.96,989.3,999.09,986.22,968.49,959.57,949.73,961.03,973.87,982.64,990.96,981.98,964.94,956.58,968.24,981.48,990.82,1002.45,1011.0,997.2,989.26,977.6,991.13,999.16,1004.81,991.0,1003.39,1010.75,995.85,986.58,977.78,968.67,978.28,990.39,980.51,967.71,954.47,967.8,956.21,,,,,,,,970.3,986.15,995.29,986.67,979.17,972.65,,,,,,,,,,955.15,945.38,938.69,947.55,953.63,962.6,,,,,,,,939.0,949.41,959.3,970.26,988.28,977.28,,,,,,,,1001.97,1013.61,1024.63,1038.63,1050.81,1040.6,,,,,,,1040.07,1047.59,1034.29,1023.86,1034.79,1050.86,1059.62,1050.34,1035.92,,,
Athletics,990.4,1004.75,1014.09,1004.58,982.96,973.01,960.05,970.5,980.32,965.2,958.56,974.95,967.84,960.81,972.71,960.81,975.41,983.83,995.78,986.59,997.1,979.34,970.08,982.17,991.8,998.28,980.63,987.65,996.77,978.08,992.05,1002.57,1012.4,999.55,1006.9,1017.19,1008.66,1001.26,988.86,1002.39,988.51,1008.51,997.5,980.24,967.59,960.48,953.72,945.03,936.02,925.38,915.46,910.72,905.33,918.58,907.88,901.98,888.85,881.27,875.65,868.81,861.85,854.88,849.09,874.98,885.7,876.95,890.48,882.51,876.14,870.07,882.49,896.23,906.36,920.37,910.67,903.05,917.21,930.66,922.27,913.67,905.24,920.02,,,,,,,,950.74,938.83,928.48,944.12,929.69,938.68,933.43,946.0,960.22,,,,,,,,,,,986.94,1000.71,1010.12,1018.55,1003.04,991.43,,,,,,,1003.82,1014.93,999.64,1013.08,1024.01,1009.28,,,,,,,1032.1,1040.96,1053.96,1043.02,1030.37,1020.84,,,,,,,1009.91,999.62,1010.64,1020.66,1032.26,1041.0,,,,,,,1035.0,1046.15,1030.9,1039.42,1029.05,1015.16
Atlanta Braves,989.6,981.33,973.47,963.29,954.13,947.28,941.31,960.14,949.73,961.99,955.05,967.04,957.03,966.66,955.13,968.3,958.96,950.84,961.1,969.99,980.73,989.33,975.61,986.08,1000.31,1009.38,999.57,1005.83,1013.15,1000.29,993.25,982.89,994.27,1005.88,1014.41,1004.91,1013.49,1001.96,1008.57,997.26,1004.61,1012.88,1001.88,1010.3,1019.55,1009.96,1022.31,1010.87,1000.95,991.37,1003.74,993.14,986.03,979.85,996.87,984.47,996.03,985.44,972.6,963.83,955.51,948.27,941.39,934.84,951.44,943.19,957.21,966.18,972.2,950.18,961.76,976.82,991.83,978.52,990.57,979.23,988.89,999.73,988.31,977.62,962.39,977.46,970.18,959.91,973.6,963.11,954.93,945.75,938.44,,,,,,,955.43,946.63,938.98,950.61,934.98,922.97,,,,,,,,,,916.44,911.34,907.77,921.36,914.07,931.8,944.23,959.95,,,,,,,990.36,998.01,1005.28,991.42,976.78,985.65,,,,,,,,,,,997.33,982.12,961.97,974.06,963.19,955.76,942.48,932.99,947.46,,,,,,,,1032.3,1038.02,1025.88,1011.67,1001.79,1012.48
Baltimore Orioles,1016.0,1002.02,1013.09,1002.77,1012.56,1000.97,989.23,976.06,990.3,979.53,991.43,982.58,968.06,978.14,970.12,960.86,977.59,989.54,977.99,990.35,965.59,951.66,943.35,953.06,946.59,938.74,929.76,941.6,929.01,940.89,953.57,944.04,934.47,922.15,913.97,906.25,917.3,906.89,918.75,911.9,905.91,899.25,891.14,881.34,870.84,864.78,857.94,873.36,860.75,855.52,868.11,883.45,899.37,893.77,888.84,898.55,908.61,917.32,931.59,942.12,952.13,941.41,950.16,936.63,930.93,952.71,945.7,956.62,966.08,981.59,973.05,988.46,980.59,994.5,1005.38,991.27,983.13,996.65,987.66,974.47,1001.06,990.22,1004.83,,,,,,,1003.23,1012.89,1023.54,1033.44,1019.3,1002.92,,,,,,,,959.1,976.8,984.59,1002.51,1024.03,1033.73,1025.34,,,,,,,1015.15,999.81,991.21,984.72,996.13,1007.99,,,,,,1038.95,1027.08,1017.63,1026.26,1018.84,1009.21,1002.61,996.32,,,,,,,1020.7,1028.93,1017.37,1025.94,1034.08,1041.81,,,,,,,1020.69,1031.56,1020.41,1009.33,1021.15,1008.34,1016.51,,,
Boston Red Sox,1010.4,999.38,990.61,982.29,972.5,984.09,995.83,1008.03,1017.0,1033.26,1020.83,1008.37,999.86,1009.38,989.63,979.73,988.68,968.87,980.55,989.84,1000.45,1006.81,992.13,999.5,1012.64,1002.44,994.33,986.28,998.95,1015.9,1028.15,1017.44,1006.32,1017.29,1007.18,997.58,985.1,995.01,1006.71,999.1,1017.01,1027.35,1011.44,1004.28,997.46,988.21,997.8,985.45,997.03,1007.99,997.68,1010.29,1015.52,1002.93,987.59,978.49,967.49,959.41,971.81,960.25,970.84,961.67,952.96,963.14,956.58,971.15,986.03,978.99,991.51,1002.4,1013.6,1024.27,1035.34,1043.29,1025.78,1034.25,1043.23,1033.41,1021.55,1009.27,1000.24,990.11,976.54,999.27,990.2,1005.96,1016.23,1005.15,,,,1041.52,1048.41,1054.89,1063.38,1071.44,1079.09,1087.69,,,,,,,1052.73,1061.73,1069.53,,,,1084.68,1093.63,1102.63,1110.95,1119.4,1104.94,,,,,,,1091.91,1099.0,1086.53,1074.51,1064.94,,,,,,,,,1097.95,1080.44,1088.84,1095.21,1102.28,1083.2,,,,,,,1067.1,1057.36,1067.35,1057.88,1066.49,1056.21,,,,,,,1072.1,1060.23,1066.5
Chicago Cubs,989.6,979.82,991.67,977.93,987.34,976.31,997.93,1007.88,1020.84,1031.73,1045.46,1036.61,1050.52,1061.08,1048.57,1037.93,1059.52,1068.29,1055.7,1065.28,1056.0,1065.4,1075.76,1065.78,1074.17,1082.14,1090.63,1074.15,1062.64,1073.26,1061.33,1069.8,1082.77,1091.05,1076.44,1088.76,1071.07,1060.86,1049.06,1058.6,1047.73,1054.41,1059.77,1046.17,1056.66,1063.42,1069.82,1057.82,1070.65,1076.21,1086.3,1073.71,1081.56,1084.93,1087.92,1090.82,1076.6,1084.35,1092.92,1101.8,1089.25,1098.97,1088.73,1100.64,1088.59,1077.46,1086.37,1071.34,1077.85,1066.46,1073.2,1079.62,1088.04,1077.74,1062.33,1070.64,1052.69,1039.35,1030.85,1046.44,1056.77,1047.35,,,1063.01,1068.89,1074.51,1086.87,1075.25,1089.6,,,,,,,1081.74,1094.36,1081.32,1062.98,1073.56,1059.77,,,,,,,1064.91,1054.91,1063.75,1053.6,1041.33,1053.03,,,,,,,1019.03,1026.95,1033.83,1025.8,1039.69,1054.05,1065.56,1057.73,,,,,,,,,,1042.14,1049.4,1035.78,1044.49,1032.49,1018.94,,,,1033.36,1022.88,1030.52,,,,,,,,1002.15,1014.73,1002.8,1018.04,1027.24,1034.63
Chicago White Sox,1013.6,1004.11,995.1,1009.11,995.21,982.26,971.95,960.76,953.12,944.72,936.74,926.4,946.15,956.05,947.1,932.5,924.08,912.13,901.52,895.16,909.84,902.47,894.04,885.4,898.06,891.58,909.23,902.21,893.76,887.42,907.17,922.3,913.57,925.17,917.68,911.68,905.95,896.0,908.32,899.0,909.4,922.8,933.56,921.52,911.03,904.27,897.87,891.35,904.09,898.7,911.99,926.47,918.77,913.3,907.59,924.78,915.07,905.01,896.3,887.87,909.02,904.32,917.4,932.84,945.35,937.03,949.64,938.79,932.67,925.42,919.11,913.09,901.2,895.21,888.97,906.93,898.14,911.18,898.79,891.43,906.33,898.88,910.0,922.52,,,,,,,905.72,899.66,913.05,904.66,914.98,905.07,897.77,,,,,,,978.04,968.24,961.53,975.6,967.06,982.76,,,,,,,956.63,949.12,961.2,953.07,964.74,956.43,,,,,,,920.1,931.72,945.7,963.02,955.79,942.66,933.66,924.2,918.35,930.83,,,,,,,,971.0,980.42,991.8,,,,957.03,949.78,942.25,951.83,941.0,933.04,,,,,,
Cincinnati Reds,990.4,999.69,989.31,1007.48,998.48,989.93,980.63,971.8,983.53,970.47,982.56,993.06,984.76,994.09,1003.64,1013.31,1024.32,1013.95,1002.52,1014.07,1001.71,1026.47,1014.32,1004.64,1014.58,1019.95,1025.56,1033.16,1041.15,1025.64,1009.44,1023.37,1033.39,1018.74,1006.89,995.28,986.75,996.25,987.67,977.98,990.56,978.42,965.02,954.26,966.3,976.67,988.31,998.42,1007.9,996.38,984.4,974.31,986.9,979.05,990.78,1003.51,994.6,1008.82,1001.07,992.5,985.06,996.54,984.04,993.02,1010.06,1018.42,1028.76,1036.99,1020.09,1009.37,1028.92,1041.38,1048.52,1055.93,1038.69,1026.34,1017.91,1029.24,1042.04,1050.78,1037.25,1049.35,1038.04,1045.83,,,,,,,1010.05,994.41,1007.75,1021.0,1007.74,1012.6,1017.69,,,,,,,1019.59,1029.89,1037.47,1026.38,1017.55,1028.45,1016.59,1022.87,1010.21,,,,,,,,1007.62,1022.38,1038.91,1033.17,1028.15,1040.93,,,,,,,,,,983.3,972.48,982.2,992.6,983.49,974.25,966.28,978.14,987.58,,,,,,,,,,988.05,1000.16,1011.56,1020.63,1009.8,1000.41,1009.1,,,
Cleveland Guardians,1010.4,1001.07,1012.2,1001.05,989.27,980.95,991.36,978.87,968.74,977.14,985.12,995.46,1009.29,1019.04,1008.31,1017.57,1000.84,988.89,998.81,1008.14,1015.57,1026.21,1035.42,1024.15,1032.2,1019.53,1002.58,985.85,995.09,1004.67,1012.96,1002.27,1011.36,1019.24,1009.5,1023.16,1031.52,1045.38,1032.62,1023.01,1033.98,1042.16,1028.79,1018.42,1006.78,996.67,989.62,1003.48,1020.67,1031.9,1042.52,1031.07,1019.31,1009.09,1021.0,1008.81,1017.42,1025.56,1018.5,1032.35,1022.94,1013.9,1005.36,1016.48,1006.14,997.91,1014.81,1000.15,990.12,976.26,986.25,996.61,987.98,974.53,982.92,991.52,981.08,991.0,979.11,968.98,960.79,950.69,,,,925.63,919.71,912.0,,,,,,,,981.5,967.58,980.28,992.63,1002.6,1010.53,1000.46,,,,977.9,986.94,994.85,1002.25,1009.29,998.39,,,,,,,1037.2,1020.42,1032.33,1020.93,1003.85,994.82,,,,,,,933.93,945.35,954.44,965.34,975.71,967.26,,,,,,,,1012.74,1021.98,1012.38,1020.86,1031.13,1039.37,1046.52,,,,,,,,1080.59,1087.63,1074.14,1060.44,1067.94,1075.07
Colorado Rockies,991.2,1000.45,990.83,979.48,969.62,961.7,951.25,941.43,956.55,944.97,928.18,943.21,933.08,926.83,918.9,912.04,904.43,898.8,891.4,884.37,896.27,888.78,880.37,871.83,866.46,860.85,853.25,846.99,839.67,852.53,865.63,859.23,853.6,846.99,842.86,836.89,830.61,825.62,815.05,835.7,830.82,825.28,819.18,812.27,827.13,822.6,817.69,813.88,809.93,806.67,821.63,815.53,812.65,809.28,806.29,803.39,799.67,794.88,791.45,804.89,816.62,827.81,823.93,818.63,813.28,809.5,805.19,819.28,810.31,804.29,826.31,838.67,852.34,863.33,855.25,847.22,841.57,855.38,851.07,845.2,841.27,836.65,,,842.71,839.06,853.42,845.92,834.9,846.9,,,,,,,844.17,859.53,850.48,842.7,857.77,873.99,,,,,,,868.03,881.85,873.52,862.95,856.51,845.47,,,,,,,834.64,847.02,861.02,872.23,884.92,876.51,893.58,886.17,,,,,,,855.6,851.14,864.45,856.23,849.97,844.48,859.04,852.58,843.87,,,,,,,,812.16,805.68,800.41,811.74,803.69,815.88,,,,,,
Detroit Tigers,991.71,982.41,972.98,984.05,994.46,985.14,995.45,1006.64,1014.28,1026.22,1038.19,1028.76,1035.85,1044.44,1030.12,1043.16,1029.14,1016.95,1027.11,1035.96,1043.08,1031.68,1042.35,1033.24,1047.35,1053.82,1061.67,1070.65,1058.83,1048.56,1058.85,1067.04,1075.68,1060.69,1071.79,1075.92,1081.89,1088.17,1094.19,1075.88,1060.87,1076.78,1083.94,1090.76,1096.96,1085.28,1091.74,1077.43,1086.5,1097.45,1080.26,1069.03,1058.41,1069.86,1078.61,1086.88,1094.06,1101.34,1090.07,1096.93,1105.36,1084.21,1088.91,1075.83,1086.07,1074.16,1086.21,1091.91,1070.13,1077.14,1087.86,1068.31,1055.85,1064.36,1074.07,1059.1,1047.39,1037.21,1052.68,1061.11,1046.33,1055.71,1042.44,1051.99,1059.72,,,,,,,1068.19,1076.97,1064.26,1046.03,1030.24,1018.97,,,,,,,963.0,956.1,949.11,967.67,978.55,993.09,1003.01,,,,1005.37,992.67,978.86,987.49,976.38,987.53,,,,,,,,1019.52,1027.66,1038.21,1048.2,1057.64,1047.35,,,,,,,1016.38,1002.33,1014.07,1003.26,1015.23,1004.35,,,,,,,1001.42,991.94,984.32,969.42,961.54,952.01,,,,,,
Houston Astros,1009.6,999.47,1008.3,996.38,987.5,978.41,988.88,976.23,986.01,976.58,985.23,975.84,995.49,985.69,998.17,986.05,996.23,985.85,998.15,1008.84,1001.4,1015.21,1025.7,1034.11,1022.84,1012.18,1022.82,1034.64,1044.91,1034.62,1019.49,1028.22,1016.62,1004.77,996.06,1011.33,1021.02,1008.44,1020.58,1011.34,1020.93,1030.04,1020.95,1031.55,1019.88,1028.9,1036.38,1025.89,1013.2,1028.3,1018.93,1028.41,1038.23,1048.93,1054.83,1038.47,1047.9,1029.82,1039.68,1047.25,1033.6,1043.33,1052.37,1060.91,1049.79,1037.18,1048.03,1054.15,1065.65,1072.53,1079.08,1065.07,1074.77,1082.39,1068.23,1074.92,1056.56,1063.82,1072.62,1081.74,1089.64,1099.06,1081.61,1090.75,,,,,,,1109.78,1093.17,1079.67,1066.44,1074.3,1061.41,,,,,,,1063.26,1039.86,1026.36,1011.9,1001.14,1009.85,1021.21,,,,,,,,,,1037.26,1021.2,1033.85,1019.24,1028.13,1009.8,,,,,,,,985.48,993.24,998.98,1006.98,994.39,982.53,993.65,983.29,994.27,985.17,,,,,,,,,,1004.23,1014.7,1026.46,1016.75,1008.95,1000.33,,,,,,
Kansas City Royals,989.6,998.93,987.8,1002.59,988.68,979.17,992.34,978.1,988.87,998.03,1005.97,993.17,1001.35,987.52,977.77,988.5,978.87,970.51,963.26,953.1,944.25,937.13,948.53,956.02,964.43,972.97,984.24,994.9,984.26,994.93,1005.85,1018.49,1005.81,1015.34,1024.91,1032.4,1038.4,1044.13,1054.08,1061.69,1043.78,1033.44,1042.68,1033.09,1023.98,1011.99,1004.82,1015.6,1026.12,1017.64,1029.79,1021.02,1013.42,1023.79,1012.06,999.33,1008.24,1000.96,1012.23,1005.37,1017.19,1009.0,1019.72,1004.28,991.77,1000.09,988.74,981.18,975.14,962.72,948.98,938.85,954.21,966.66,978.38,987.43,975.96,967.53,960.27,953.9,947.39,941.9,957.62,950.06,,,,,,,,981.55,990.73,999.45,986.96,977.66,987.2,,,,,,,1014.87,1004.61,1014.91,1001.27,1009.19,1015.51,,,,,,,,,,1019.63,1026.74,1014.83,1022.83,1031.67,1039.97,1047.76,1056.51,1043.95,1052.23,,,,,,,1035.6,1044.85,1031.78,1017.87,1007.61,1015.46,1021.18,1030.63,1014.68,,,,,,,,984.41,996.51,988.78,1017.51,1026.99,1016.83,,,,,,
Los Angeles Angels,986.4,995.89,1004.9,1014.39,1024.22,1010.18,999.77,1012.26,1022.39,1030.45,1020.5,1035.32,1015.67,1025.47,1012.99,1001.26,991.85,982.96,994.59,987.08,997.54,982.86,971.8,980.6,965.78,954.53,943.25,936.49,927.93,919.74,911.1,926.09,914.99,928.77,938.19,927.96,916.91,927.32,915.46,930.58,923.59,915.84,932.11,945.32,957.88,966.57,975.58,986.22,996.14,1004.61,990.81,978.79,971.4,965.92,960.67,972.86,964.25,956.11,965.28,973.99,963.81,973.03,982.57,973.24,981.21,987.58,993.65,982.73,973.27,957.76,969.24,983.16,993.42,983.43,976.74,995.1,987.84,1000.12,1009.15,1019.28,1002.4,1012.27,998.94,,,,,,,994.63,977.16,988.68,975.64,984.16,995.19,982.38,,,,,,,961.93,972.76,962.81,975.56,988.1,1000.99,992.34,981.65,973.15,984.41,994.61,981.76,972.31,,,,976.14,986.1,995.56,,,,977.15,969.53,980.51,973.63,961.13,955.16,,,,,,,,,,,951.09,936.19,947.38,929.66,944.62,952.1,,,,,,,,,,,880.36,892.61,884.57,896.05,886.98,879.05
Los Angeles Dodgers,1010.4,1020.18,1028.47,1037.77,1047.2,1056.36,1063.21,1069.18,1059.62,1068.91,1059.36,1047.48,1032.47,1040.5,1051.14,1029.55,1020.78,1027.64,1035.25,1040.88,1050.85,1041.18,1049.6,1041.21,1033.24,1020.76,1030.51,1041.6,1048.56,1062.42,1070.58,1077.62,1087.98,1076.6,1082.97,1070.49,1080.26,1068.72,1077.69,1065.34,1077.33,1057.33,1068.34,1085.6,1069.33,1056.12,1043.56,1031.47,1040.18,1049.2,1058.71,1047.65,1038.05,1049.81,1060.03,1048.12,1060.64,1084.23,1073.02,1063.97,1072.98,1060.64,1069.82,1056.75,1047.83,1059.45,1066.79,1047.49,1056.87,1044.89,1057.68,1065.83,1074.22,1081.52,1087.87,1075.27,1079.97,1063.32,1070.87,1075.18,1081.05,1084.98,,,,1089.15,1093.89,1099.68,1077.07,1068.27,1058.56,,,,,,,1027.35,1020.71,1014.38,1023.56,1011.4,1019.31,,,,,,,,,,1016.8,1027.08,1015.05,1028.0,1043.59,1034.73,,,,1013.39,1028.03,1037.36,,,,,,,,1034.61,1044.41,1054.33,1042.11,1028.84,1037.38,,,,,,,1006.95,1013.54,1021.44,,,,1030.45,1022.28,1037.39,1045.12,1053.8,1061.35,1049.31,,,,,,
Miami Marlins,1008.8,999.55,1008.37,1016.75,1003.03,1012.7,1003.47,984.64,995.05,986.54,976.47,991.08,980.76,990.15,1003.93,991.66,981.71,973.72,963.1,955.84,967.5,979.65,989.33,979.39,992.45,975.03,967.91,960.95,947.09,938.93,929.1,941.95,934.6,928.23,940.71,930.94,918.62,927.94,917.54,910.86,905.5,919.1,933.66,923.94,937.23,949.23,936.4,930.84,922.37,936.17,948.19,940.14,931.8,943.11,935.46,946.42,938.6,925.16,913.43,902.24,897.68,910.89,905.98,894.87,905.82,897.33,908.65,918.47,928.64,921.78,938.28,931.47,925.54,938.85,926.8,938.14,950.08,962.33,977.42,986.69,995.49,1004.6,1012.79,1002.29,1011.3,1003.55,1014.71,1006.07,,,,,,,,1035.24,1043.31,1030.79,1021.34,1029.97,1038.16,,,,,,,1064.11,1072.33,1081.41,1065.52,1052.6,1061.43,,,,,,,,,,,,989.44,977.36,987.52,978.87,971.97,984.0,992.84,976.94,960.9,,,,,,,,935.83,929.92,942.35,927.75,918.82,932.27,944.8,960.61,971.63,962.85,,,,,,,,,,1012.01,998.39,1008.95
Milwaukee Brewers,990.4,974.53,961.54,946.75,960.66,970.17,979.47,988.3,976.57,989.63,1001.21,1018.0,1002.97,1016.95,1007.69,997.3,984.26,998.28,1010.47,1019.66,1009.15,1026.91,1016.99,1032.87,1023.38,1015.16,1005.16,995.66,1008.14,1016.59,1022.93,1003.18,990.21,981.93,996.54,1008.39,1017.1,1001.83,992.3,983.25,993.08,982.11,973.93,987.3,979.1,968.99,982.61,988.67,995.51,980.09,988.72,978.0,967.8,975.71,984.81,995.81,1003.89,1017.56,1035.87,1046.69,1054.13,1042.65,1055.15,1043.7,1051.37,1041.06,1024.46,1032.71,1018.69,1031.63,1039.87,1028.32,1036.73,1028.31,1038.61,1052.5,1063.91,1069.98,1058.58,1068.37,1075.21,1079.83,1084.58,1070.31,,,,,,,1072.53,1081.35,1088.99,1095.47,1099.97,1106.66,,,,,,,1122.71,1110.24,1117.9,1127.22,1137.21,1119.89,,,,,,,1157.12,1162.13,1166.19,1172.38,1181.17,1186.92,,,,,,,,,1164.23,1143.19,1129.39,1135.04,1139.98,1127.12,1113.67,,,,1105.81,1115.03,1103.84,,,,,,,1101.71,1106.55,1093.6,1100.99,1107.93,1112.93,,,,,,,1052.84,1041.47,1050.8
Minnesota Twins,990.4,979.82,967.79,953.78,967.68,980.63,970.16,982.81,973.03,963.87,955.93,968.73,960.55,953.46,944.87,959.19,950.72,964.12,974.83,964.57,955.68,944.94,953.37,962.01,949.35,964.17,975.42,986.7,1003.43,994.19,984.61,976.32,965.35,975.46,985.06,997.38,1005.56,1013.28,1024.14,1033.55,1042.48,1049.33,1055.32,1061.98,1070.18,1080.29,1066.67,1073.72,1059.86,1068.63,1076.23,1065.86,1052.63,1061.98,1049.02,1060.24,1049.8,1039.87,1046.83,1053.8,1059.59,1033.7,1024.23,1016.03,1027.63,1008.22,1019.51,1000.07,988.57,981.69,975.14,968.0,960.59,977.83,963.94,952.53,946.46,933.64,926.84,938.98,957.19,970.46,,,,,,958.16,969.3,961.68,980.07,992.13,981.12,989.86,1003.44,993.46,,,,,,,975.8,960.41,947.02,958.8,951.28,939.26,,,,,,,968.23,959.92,971.26,,,,951.29,939.59,931.33,948.34,939.75,932.27,923.41,,,,,,,922.06,911.37,927.59,918.87,904.57,897.01,888.52,,,,,,,896.79,889.78,883.65,903.67,898.19,891.04,885.2,878.86,872.11,889.56,,,,,,
New York Mets,990.4,1000.53,991.7,1005.42,995.75,1004.98,1017.66,1026.32,1034.54,1043.05,1053.12,1038.51,1045.54,1033.64,1045.54,1054.01,1040.61,1029.9,1039.62,1047.36,1056.05,1064.24,1071.93,1081.23,1088.08,1076.39,1083.43,1071.96,1086.5,1095.95,1084.83,1073.28,1082.87,1071.41,1060.49,1068.15,1055.01,1066.55,1078.35,1068.81,1079.68,1084.66,1089.44,1072.88,1061.64,1070.98,1058.28,1046.7,1035.74,1046.05,1036.54,1047.6,1057.2,1062.67,1068.38,1051.19,1054.91,1059.7,1063.13,1072.18,1063.17,1075.51,1066.33,1070.21,1075.51,1080.86,1087.19,1095.42,1101.08,1090.48,1078.79,1063.94,1052.36,1037.3,1022.29,1009.24,1025.12,1013.31,1003.65,992.81,1004.23,1014.92,,,,958.68,973.61,984.65,993.87,1006.6,996.25,,,,,,,986.85,977.68,987.98,997.85,1006.4,1015.99,,,,,,,995.45,1005.87,987.96,979.42,971.32,962.22,,,,963.6,950.96,942.33,936.05,949.28,963.96,,,,,,,991.53,1002.02,1016.53,1004.48,1019.03,1006.83,994.47,,,,,,,,,,,953.38,947.94,962.59,975.47,965.07,977.78,987.81,975.61,965.01,,,,,,
New York Yankees,1009.6,1025.47,1038.46,1027.9,1018.75,1028.47,1038.54,1048.56,1037.37,1025.43,1013.46,1022.89,1009.55,1022.42,1014.29,1023.92,1032.28,1039.53,1048.48,1055.61,1043.81,1053.18,1042.54,1033.33,1044.6,1033.08,1046.22,1055.08,1043.24,1055.83,1043.95,1052.71,1042.1,1031.09,1023.18,1040.59,1049.8,1062.2,1048.67,1062.55,1074.08,1063.84,1071.7,1082.94,1073.6,1086.3,1094.73,1101.45,1107.85,1092.89,1098.99,1101.87,1109.26,1114.74,1119.99,1107.47,1083.88,1095.09,1102.15,1088.3,1097.71,1104.27,1089.7,1074.82,1086.17,1093.73,1099.77,1088.57,1077.9,1066.83,1055.35,1041.43,1031.17,1041.16,1030.28,1044.39,1052.53,1039.73,1030.99,1044.52,1051.1,1032.06,1041.53,,,,,,,,1004.76,1015.41,1023.88,1042.9,1032.75,1023.2,,,,,,,1005.92,995.53,1006.02,995.53,1004.82,1012.87,1021.9,,,,,,,981.8,991.68,979.73,990.66,1003.81,991.73,,,,,,1028.28,1020.64,1006.78,1021.8,1030.87,1038.79,1048.92,,,,,,,,1055.88,1065.8,1074.39,1055.21,1037.76,1050.68,,,,,,,,,,,1083.74,1091.61,1096.82,1105.48,1114.19,1120.18
Philadelphia Phillies,1011.2,1022.43,1009.79,1021.14,1031.0,1038.92,1048.48,1039.19,1048.74,1036.48,1043.42,1031.43,1020.36,1029.82,1014.25,1003.02,1014.4,1002.46,1013.87,1024.49,1031.75,1020.09,1012.4,1003.1,996.25,987.76,1004.24,1015.75,1023.43,1033.39,1021.63,1030.51,1042.01,1031.38,1041.63,1053.28,1060.25,1046.39,1059.15,1068.76,1059.5,1068.31,1054.03,1061.25,1067.58,1072.67,1077.58,1081.39,1085.34,1088.6,1093.34,1098.73,1085.48,1092.59,1098.77,1081.75,1068.08,1049.77,1038.95,1050.48,1040.75,1025.63,1014.68,1004.26,994.35,1005.48,996.57,1011.6,1028.46,1037.92,1051.81,1058.67,1042.17,1048.98,1054.91,1067.96,1052.08,1063.89,1055.09,1045.97,1038.07,1053.3,,,1054.94,1043.32,1052.89,1041.83,1053.03,1062.01,,,,,,,1032.2,1042.13,1027.16,1037.22,1048.51,1039.9,,,,,,,1039.42,1028.6,1037.57,1052.69,1063.0,1049.58,,,,,,,,,,,1058.18,1067.12,1080.5,1068.21,1074.6,1080.17,,,,1052.82,1060.05,1066.93,1054.88,,,,,,,1076.95,1086.51,1096.53,1102.72,1111.56,1117.75,1098.9,,,,,,,1072.09,1085.81,1092.68,1097.68,1079.67,1084.78
Pittsburgh Pirates,991.2,1000.45,991.63,983.25,972.14,960.41,971.96,961.89,951.87,963.06,975.11,965.57,974.91,965.58,956.03,946.36,961.31,951.05,963.92,972.71,962.79,953.46,946.03,960.71,971.77,962.97,975.45,965.7,954.61,943.99,955.92,947.45,938.71,932.7,925.4,917.12,910.51,901.92,913.45,906.84,918.15,913.17,908.39,924.95,917.73,911.4,906.31,896.83,908.35,920.33,911.7,922.42,932.62,924.71,914.92,927.79,945.52,937.67,951.49,942.59,935.02,948.67,938.94,949.89,960.31,970.22,981.33,970.38,978.87,972.36,983.75,977.01,970.59,962.08,952.37,967.34,957.17,949.69,963.99,975.39,965.6,958.76,975.47,989.96,1006.46,1022.22,1031.63,1043.82,,,,,,,,,,948.35,934.36,922.21,935.2,947.45,960.75,952.25,962.65,975.75,,,,,,,989.07,973.17,962.81,978.66,988.13,979.52,967.63,,,,,,,956.83,948.55,960.03,972.05,980.18,987.83,,,,,,,,1014.84,1025.6,1034.94,1026.58,1018.69,1008.38,,,,,,,964.74,956.56,948.24,942.0,954.7,975.8,,,,,,
San Diego Padres,1010.4,1018.67,1026.53,1036.71,1047.86,1059.64,1067.96,1057.07,1043.34,1052.19,1058.83,1042.44,1049.55,1059.68,1065.93,1073.86,1086.45,1076.87,1086.15,1073.85,1063.16,1070.6,1059.93,1069.04,1054.93,1044.52,1032.83,1022.68,1034.18,1044.16,1052.9,1058.91,1066.21,1074.12,1056.71,1047.5,1052.49,1063.06,1042.41,1027.29,1034.28,1042.03,1030.09,1019.71,1008.45,997.32,978.0,970.12,979.7,967.33,977.93,985.98,994.32,983.01,990.86,977.04,985.94,995.58,1004.74,995.83,987.38,998.83,991.16,1001.47,994.13,1013.43,1004.05,992.42,983.87,997.67,989.28,981.98,975.63,988.23,979.18,990.65,999.08,984.9,992.04,998.84,986.74,998.05,,,,,992.56,982.62,994.07,982.54,990.97,977.01,985.72,997.23,1007.22,999.11,,,,,,,,,,,1006.28,1020.03,1031.97,1039.65,1026.11,1034.74,,,,1025.43,1036.49,1049.89,,,,,,,1027.74,1035.75,1044.9,1051.92,1060.0,1069.77,1054.63,,,,,,,1013.06,1001.14,991.58,,,,1000.87,990.66,981.82,987.33,973.4,982.25,988.2,,,,,,,993.52,1010.15,1001.8,1013.22,1024.78,1038.69
San Francisco Giants,1009.6,1000.31,1010.69,1022.61,1031.49,1040.58,1047.94,1056.21,1062.81,1050.72,1040.22,1048.52,1061.86,1048.99,1057.12,1068.35,1056.97,1068.91,1057.5,1045.87,1053.38,1042.92,1052.84,1036.96,1046.45,1054.67,1043.71,1051.81,1059.51,1048.01,1038.03,1024.93,1031.33,1036.96,1043.57,1031.25,1048.94,1059.15,1048.29,1038.88,1029.95,1020.7,1031.92,1022.57,1035.22,1042.33,1049.09,1038.57,1047.05,1034.9,1044.23,1031.56,1039.06,1030.31,1022.04,1014.86,1022.51,1011.55,1019.37,1009.73,1000.57,1009.48,1017.93,1025.17,1032.05,1038.6,1042.38,1046.69,1032.6,1044.58,1031.79,1023.64,1013.65,1003.29,1011.92,1002.94,1012.76,1024.62,1012.68,1000.43,985.34,992.79,,,,,,,,,,987.53,997.9,981.7,991.66,983.52,974.38,,,,,,,956.69,949.66,942.37,934.41,926.16,919.01,,,,,,,965.94,954.13,937.36,930.22,922.94,913.11,905.53,898.33,913.96,,,,,,,,947.87,968.14,978.93,993.21,976.7,994.56,,,,,,,1018.12,1027.95,1018.04,1029.35,1015.84,1001.76,,,,,,,,973.67,964.79,973.96,979.67,984.28,989.92
Seattle Mariners,1009.6,995.25,985.91,995.42,984.35,973.94,983.26,975.9,967.63,961.03,970.46,961.81,971.2,982.48,997.6,1007.44,996.43,1006.8,1018.23,1008.71,1020.62,1032.56,1019.42,1029.62,1037.73,1024.67,1042.09,1049.21,1055.97,1064.53,1078.19,1084.38,1066.3,1056.01,1064.54,1071.94,1058.14,1045.09,1028.06,1016.53,1026.77,1018.91,1030.85,1041.23,1052.49,1059.01,1046.27,1051.66,1036.56,1045.93,1036.45,1026.63,1038.79,1020.2,1005.88,994.66,1005.1,1015.03,1000.76,990.23,980.22,971.0,961.46,970.79,959.13,945.89,936.55,951.21,961.24,975.1,967.15,984.66,976.19,991.6,983.29,1001.24,1014.06,1020.86,1008.72,990.51,999.84,991.1,,1010.8,998.32,1005.98,995.66,1010.22,1019.5,1028.31,,,,,,,1052.13,1060.84,1045.57,1035.73,1047.03,1035.84,,,,,,,,1030.21,1039.61,1030.14,1039.54,1049.86,1057.57,1064.26,1070.62,1077.79,1084.58,,,,,,,,,,1021.22,1012.51,1026.93,1038.16,1029.49,1038.86,,,,,,,,,,1021.36,1029.18,1036.59,1043.29,1049.67,1056.31,1066.31,,,,,,,1101.81,1106.15,1109.57,1099.63,1089.33,1077.16
St. Louis Cardinals,1009.6,1020.18,1032.21,1022.72,1012.89,1026.93,1014.73,1005.76,989.5,977.45,986.99,977.65,988.72,979.26,994.83,1006.95,996.77,1007.15,997.43,989.69,981.0,972.81,964.21,977.93,967.46,977.46,986.96,974.48,966.49,982.0,998.2,984.27,974.68,986.14,997.06,1005.34,1011.95,1020.54,1034.21,1041.68,1050.54,1059.8,1050.99,1065.27,1077.26,1084.43,1073.65,1087.96,1078.89,1067.94,1075.29,1082.28,1088.94,1073.02,1078.62,1083.55,1062.5,1070.15,1053.22,1041.4,1049.59,1038.87,1051.94,1060.86,1049.24,1040.32,1031.86,1022.36,1009.42,1001.18,1012.73,1004.32,1016.21,1022.2,1028.44,1040.79,1049.22,1037.89,1051.23,1059.73,1044.14,1033.81,,,,,,,,,,1016.89,1000.28,1011.05,1000.19,989.86,997.64,,,,,,,947.93,959.48,950.3,938.02,955.05,945.93,939.11,,,,,,,964.64,953.22,964.39,969.76,955.04,943.22,935.64,926.47,917.87,,,,,,,932.29,921.84,914.69,927.45,,,,928.88,940.22,953.97,943.38,954.21,964.52,,,,,,,930.52,942.35,931.94,950.86,945.49,961.35,,,,,,
Tampa Bay Rays,1008.8,999.55,1009.17,1020.28,1032.01,1020.46,1009.96,1000.85,992.95,984.89,994.84,980.02,990.03,980.4,991.93,1011.74,1000.06,990.77,981.82,974.69,986.49,977.12,967.89,978.69,990.83,1001.24,1012.93,1023.08,1012.41,1001.49,988.85,980.09,990.7,1001.71,991.46,979.81,972.84,982.37,991.42,981.59,991.64,981.93,994.47,979.91,989.63,976.34,968.86,979.35,992.04,1002.47,1012.33,1030.19,1043.42,1034.07,1047.03,1063.39,1053.96,1072.04,1062.18,1071.41,1078.21,1084.69,1089.25,1076.04,1080.95,1087.99,1075.47,1064.58,1075.18,1086.87,1101.72,1110.26,1094.85,1102.72,1088.81,1100.52,1110.7,1095.23,1102.49,1108.86,1115.37,1088.78,,,1071.02,1058.78,1064.68,,,,,,,,,,,1025.35,1033.19,1022.12,1007.4,1014.93,1003.54,,,,,,,,948.15,962.03,953.32,,,,,,,,,,,,,947.49,940.14,929.58,941.29,953.02,,,,,,,990.18,999.47,1011.49,1020.03,1005.2,995.74,986.76,,,,,,,963.33,957.71,969.93,984.8,975.87,968.08,982.56,,,,,,
Texas Rangers,989.6,1000.62,1009.39,1017.71,999.54,1008.54,1017.09,1027.59,1036.7,1044.6,1030.69,1020.13,1032.64,1021.36,1006.24,996.4,1008.13,1017.54,1026.43,1016.46,1026.13,1017.71,1026.97,1014.88,1005.25,1016.21,1008.11,1000.41,991.29,1009.98,996.01,985.49,971.83,965.64,983.72,996.2,986.29,974.59,968.57,986.88,1001.89,1006.77,1012.31,1018.41,1027.5,1016.9,1028.57,1019.55,1011.12,1004.4,998.0,984.71,970.23,977.93,969.29,979.54,970.02,991.07,983.42,1000.35,991.12,984.32,977.84,968.7,981.9,991.73,1011.14,999.85,1019.29,1026.54,1032.85,1038.87,1023.51,1011.06,999.34,1009.51,1016.99,1002.69,989.17,998.16,1011.35,1002.02,1010.76,1000.62,989.56,1005.05,1017.68,,,,,,,,,,,1043.57,1052.96,1042.84,1051.78,1059.59,1065.37,1072.71,1077.78,1085.3,,,,,,,,1053.43,1061.23,1050.41,1035.98,1027.89,1019.51,1026.88,1016.29,1005.31,,,,,,,,996.29,1011.27,1021.48,1008.17,1018.1,1036.03,,,,,,,1061.54,1040.78,1049.23,1063.98,1074.08,1085.42,,,,,,,1037.27,1027.31,1016.99,1002.94,1009.87,995.15,,,
Toronto Blue Jays,984.0,997.98,986.91,997.23,1007.42,1016.26,1024.62,1011.94,1003.28,995.06,1007.49,1019.95,1028.46,1018.94,1008.86,1016.88,1003.71,1013.05,1021.17,1030.69,1018.78,1006.84,993.03,982.54,974.13,985.65,972.51,963.65,951.4,962.11,973.23,983.92,974.83,966.95,953.17,943.75,953.98,967.78,980.83,997.86,987.81,997.52,984.98,978.78,990.46,984.0,995.13,1014.45,1022.33,1011.9,1002.04,984.18,992.82,982.57,992.09,1005.22,1012.8,1018.42,1025.26,1013.73,1023.46,1038.58,1048.05,1056.25,1044.65,1053.57,1062.03,1071.53,1054.67,1045.21,1031.32,1039.26,1050.92,1037.39,1019.43,1028.22,1015.18,1025.62,1015.7,1027.59,1041.16,1018.43,,1036.66,1050.09,1058.83,1067.78,1075.03,1081.93,1088.5,,,,,,,1073.91,1081.18,1087.53,1096.1,1085.34,1094.71,,,,,,,,,1043.91,1053.12,1041.75,,,,,,,1060.92,1049.51,1058.03,1065.5,1079.72,1063.47,,,,,,,1057.75,1044.06,1049.7,1039.88,1031.94,1046.26,,,,,,,1056.38,1045.75,1056.65,1068.14,1075.99,1088.87,,,,,,,,1035.23,1023.65,1037.58,1045.48,1054.21,1065.34
Washington Nationals,988.8,977.57,990.21,980.02,971.18,962.82,954.61,965.09,975.05,986.93,1001.94,993.91,1004.23,994.84,981.06,966.11,976.37,963.5,954.71,962.11,969.14,957.24,971.17,979.48,969.77,981.46,974.42,985.89,971.35,963.67,953.71,965.47,955.45,970.1,981.95,991.69,978.03,969.67,956.0,948.53,939.67,932.32,924.05,935.05,926.63,934.74,944.54,955.04,966.48,976.4,967.07,979.74,972.24,960.08,978.67,992.99,1001.91,1011.75,1000.45,991.57,1004.12,994.4,1003.54,990.34,980.51,974.18,965.95,960.29,948.97,939.15,928.98,916.62,902.95,891.96,900.04,895.34,911.99,904.44,918.62,911.48,904.68,921.56,,,915.43,932.42,947.34,934.65,924.25,917.44,,,,,,,889.88,902.62,892.55,905.69,921.31,911.93,,,,,,,917.37,911.46,904.11,892.65,904.15,894.5,,,,,,,922.78,915.38,928.59,921.96,910.0,920.45,934.9,,,,,,,898.88,890.2,882.02,894.33,906.98,920.73,,,,,,,,945.15,934.88,944.92,930.63,921.16,910.88,901.29,,,,,,,902.86,912.18,897.86
